[
  {
    "icon": "fa fa-home",
    "slug": "external",
    "title": "Volver al inicio",
    "path": "index.html"
  },  
  { 
    "id": 1,
    "icon": "fa fa-file-text-o",
    "slug": "tema-1",
    "title": "1. Psicomotricidad",
    "breadcrumb": ["Inicio","tema 1"],
    "path": "pages/tema-1.html",
    "submenu": [
      {
        "icon": "fa fa-file-text-o",
        "slug": "tema-1",
        "title": "1.1 Habilidades psicomotrices básicas y específicas",
        "anchor": "tema-11"
      },
      {
        "icon": "fa fa-file-text-o",
        "slug": "tema-1",
        "title": "1.2 Definición",
        "anchor": "tema-12"
      },
      {
        "icon": "fa fa-file-text-o",
        "slug": "tema-1",
        "title": "1.3 Clasificación y uso",
        "anchor": "tema-13"
      }
    ]
  },
  { 
    "id": 2,
    "icon": "fa fa-file-text-o",
    "slug": "tema-2",
    "title": "2. Nutrición e higiene",
    "breadcrumb": ["Inicio","tema 2"],
    "path": "pages/tema-2.html",
    "submenu": [
      {
        "icon": "fa fa-file-text-o",
        "slug": "tema-2",
        "title": "2.1 Hábitos saludables",
        "anchor": "tema-21"
      },
      {
        "icon": "fa fa-file-text-o",
        "slug": "tema-2",
        "title": "2.2 Conceptos de alimentación y nutrición",
        "anchor": "tema-22"
      },
      {
        "icon": "fa fa-file-text-o",
        "slug": "tema-2",
        "title": "2.3 Consumo y gasto calórico",
        "anchor": "tema-23"
      }
    ]
  },
  { 
    "id": 3,
    "icon": "fa fa-file-text-o",
    "slug": "tema-3",
    "title": "3. Adecuación física para la vida",
    "breadcrumb": ["Inicio","tema 3"],
    "path": "pages/tema-3.html",
    "submenu": [
      {
        "icon": "fa fa-file-text-o",
        "slug": "tema-3",
        "title": "3.1. Test de condición física",
        "anchor": "tema-31"
      },
      {
        "icon": "fa fa-file-text-o",
        "slug": "tema-3",
        "title": "3.2. Ficha antropométrica",
        "anchor": "tema-32"
      },
      {
        "icon": "fa fa-file-text-o",
        "slug": "tema-3",
        "title": "3.3. Pulso y sus manifestaciones",
        "anchor": "tema-33"
      }
    ]
  },
  { 
    "id": 4,
    "icon": "fa fa-file-text-o",
    "slug": "tema-4",
    "title": "4. Ergonomía",
    "breadcrumb": ["Inicio","tema 4"],
    "path": "pages/tema-4.html",
    "submenu": [
      {
        "icon": "fa fa-file-text-o",
        "slug": "tema-4",
        "title": "4.1. Higiene postural",
        "anchor": "tema-41"
      },
      {
        "icon": "fa fa-file-text-o",
        "slug": "tema-4",
        "title": "4.2. Ergonomía en el puesto de trabajo",
        "anchor": "tema-42"
      }
    ]
  }
]